,UID,WID,Understand,time,distance,averageSpeed,maxSpeed,maxStopTime,xUTurnCount,yUTurnCount,thinkingTime,answeringTime,maxDDTime,DDCount,maxDDIntervalTime,totalDDIntervalTime
0,30914025,22,4,13648,3641.94,0.266848,2556.54,245,11,7,2978,10670,817,7,1303,5185
1,30914025,32,4,21408,3575.9,0.167036,3051.21,723,21,12,4168,17240,1105,9,2561,9453
3,30914025,46,4,38177,4072.9,0.106685,3595.75,4422,7,10,9379,28798,3977,8,5976,19183
5,30914025,58,2,91679,9502.1,0.103645,8501.79,17950,32,26,9104,82575,4171,12,30894,60781
7,30914025,60,4,49636,9681.93,0.195059,4929.92,890,27,26,4052,45584,1153,9,10287,24651
8,30914025,61,4,55626,9222.05,0.165787,7693.43,1327,32,30,5338,50288,2200,12,5591,33535
10,30914025,68,4,31412,4233.0,0.134757,3816.94,672,19,18,3852,27560,1177,9,8767,20332
11,30914025,76,2,133931,16232.6,0.121201,14557.2,6310,56,47,5172,128759,6457,21,15447,101866
13,30914025,92,4,93209,12246.1,0.131384,10650.7,4152,48,43,6627,86582,4346,18,16278,56340
14,30914025,99,4,42940,9053.35,0.210837,5991.2,1886,36,25,7748,35192,800,14,12295,21428
15,30914025,127,2,73915,13199.7,0.17858,12798.5,2517,42,43,17145,56770,1729,14,17333,39722
16,30914025,129,4,27814,5555.18,0.199726,5110.01,1903,14,15,6614,21200,2296,9,6520,12831
18,30914025,139,4,61290,11474.4,0.187215,9608.47,2283,30,26,4823,56467,6835,13,7656,25462
19,30914025,141,2,62823,11335.7,0.180439,8267.04,8370,30,34,3104,59719,944,11,20167,43015
20,30914025,143,4,37736,7381.55,0.19561,6786.63,2668,29,19,16463,21273,1265,10,2295,11388
21,30914025,147,2,132838,15239.6,0.114723,13215.9,14172,53,41,26407,106431,8532,10,46449,86949
22,30914025,160,2,121078,16377.5,0.135264,14988.6,4840,55,51,6273,114805,1770,14,24741,91934
24,30914025,162,2,145303,15015.7,0.103341,14314.1,7496,64,58,3576,141727,5112,25,17079,106319
25,30914025,176,2,60096,9139.83,0.152087,8473.42,5799,32,28,4856,55240,1793,11,9806,43649
26,30914025,181,2,133063,14117.3,0.106095,13345.1,4040,59,34,10232,122831,5560,15,31259,97164
27,30914025,184,2,61146,7213.93,0.117979,6008.57,2996,27,26,8970,52176,4088,10,24551,38171
28,30914025,186,2,72816,10190.7,0.139951,9661.59,7396,34,30,3752,69064,2009,13,12760,54575
29,30914025,191,2,54631,8584.79,0.157141,7184.28,1588,30,29,10001,44630,2369,11,8128,27663
30,30914026,22,4,22041,3346.27,0.15182,1412.18,5114,12,9,2392,19649,946,7,1719,6072
32,30914026,45,4,52216,7149.47,0.136921,6686.4,6797,23,14,2720,49496,3257,10,8895,30214
34,30914026,54,4,21776,4541.5,0.208555,4067.22,2475,11,8,3761,18015,1140,9,1039,6085
36,30914026,59,4,26465,3408.35,0.128787,2907.89,3036,11,5,2129,24336,1496,7,8288,14485
37,30914026,60,4,39286,3917.24,0.0997108,3457.52,9046,15,11,3814,35472,4250,8,7040,16196
38,30914026,61,2,86651,7559.79,0.0872441,6633.03,5485,22,16,5276,81375,4609,13,15639,59577
39,30914026,67,4,35849,5277.14,0.147205,3611.99,1233,12,10,6296,29553,1145,8,4911,13373
41,30914026,76,2,77129,10898.6,0.141304,8527.25,4321,27,22,6889,70240,1144,13,18616,59553
42,30914026,89,4,60214,6024.73,0.100055,5734.37,4156,21,16,11277,48937,2146,13,8669,28693
43,30914026,92,4,40911,4438.65,0.108495,2998.62,5533,16,13,5192,35719,1082,10,15320,23906
44,30914026,99,2,168675,11428.0,0.0677516,10553.2,13317,28,28,6804,161871,8969,21,17142,119448
45,30914026,127,2,162126,14470.3,0.0892533,12293.4,18376,38,37,13458,148668,3927,15,37175,107782
49,30914026,141,2,78273,7050.31,0.0900733,6566.84,4757,20,20,13738,64535,4432,13,15588,43871
51,30914026,147,2,124496,12700.3,0.102014,11707.5,10623,31,21,9121,115375,8176,15,17520,85775
52,30914026,160,2,105129,14743.1,0.140238,13161.7,5203,38,31,2914,102215,1441,16,31156,89525
53,30914026,161,2,260414,31621.2,0.121427,28314.2,6654,80,75,12839,247575,4618,34,31762,171864
54,30914026,162,4,13505,2745.38,0.203286,1993.75,476,9,5,2496,11009,992,7,1296,4449
56,30914026,181,2,50812,8575.24,0.168764,8072.0,1651,29,23,3747,47065,1282,13,4878,25876
57,30914026,184,2,140962,11052.4,0.0784072,9825.0,8791,41,36,3212,137750,8106,25,23886,103077
61,30914904,32,4,16738,3308.5,0.197664,2652.87,519,10,9,3802,12936,970,8,1638,6150
62,30914904,45,4,21061,3848.32,0.182723,3060.68,1121,9,12,4188,16873,1993,9,1807,8279
63,30914904,46,4,31153,4798.48,0.154029,2883.48,1384,11,17,1795,29358,1199,10,10915,22749
64,30914904,54,4,75071,13546.7,0.180452,12105.9,1552,46,48,11650,63421,2191,20,16383,49318
65,30914904,58,2,48420,7990.22,0.165019,7617.67,2906,27,18,4804,43616,1012,9,16744,34758
66,30914904,59,4,30400,5525.64,0.181764,4804.18,1023,15,7,6145,24255,2681,9,3557,11697
67,30914904,60,4,36522,6008.58,0.16452,5427.58,1848,24,17,4914,31608,6930,10,6471,17361
68,30914904,61,4,29678,5375.38,0.181123,4718.7,702,18,20,2934,26744,1217,10,6248,17021
69,30914904,67,4,38814,9616.37,0.247755,9016.46,2058,28,21,9472,29342,1849,9,6118,19458
70,30914904,68,4,29942,6057.98,0.202324,4782.08,806,20,16,5766,24176,1297,10,5063,12571
71,30914904,76,2,90935,10039.0,0.110397,9396.72,5163,45,30,7761,83174,9586,15,19637,62167
72,30914904,89,4,22704,6354.36,0.279878,4630.54,624,14,11,6407,16297,810,10,3390,9585
73,30914904,92,4,60047,9033.13,0.150434,8014.13,2248,35,20,3240,56807,4371,14,14463,42565
74,30914904,99,4,22768,4815.26,0.211492,1553.11,1373,10,10,8167,14601,641,8,733,4325
75,30914904,127,4,47769,7703.74,0.161271,6257.54,2312,25,16,21656,26113,1586,11,3615,15214
76,30914904,129,4,31929,4763.05,0.149176,1800.23,1992,18,14,7976,23953,2504,8,3679,13391
77,30914904,138,2,45040,8042.01,0.178553,7181.02,2518,19,18,5031,40009,4127,12,6902,27628
78,30914904,139,2,49806,8273.19,0.166108,7787.08,993,27,21,5462,44344,3497,18,3734,26659
79,30914904,141,2,90552,9167.04,0.101235,8121.88,3619,32,23,4121,86431,2747,13,16917,61286
83,30914904,161,2,109385,10919.2,0.0998237,10621.3,13517,24,25,7650,101735,22386,14,19637,45045
84,30914904,162,4,26458,4424.41,0.167224,2787.51,1262,18,11,2673,23785,1961,10,4062,12893
85,30914904,176,4,34600,5626.41,0.162613,4802.89,965,14,11,4320,30280,10249,11,3160,12505
87,30914904,184,4,35382,5109.52,0.14441,4471.99,1620,21,17,4046,31336,1962,11,4070,17813
88,30914904,186,4,52274,9454.88,0.180872,8809.91,954,29,21,16931,35343,2104,12,5821,23966
89,30914904,191,4,32363,6078.2,0.187813,2934.08,4368,20,13,4947,27416,1172,11,8264,19223
90,60910014,22,4,13446,3114.37,0.231621,2584.32,257,6,11,1798,11648,970,7,1038,4835
92,60910014,45,2,33278,5605.17,0.168435,4715.9,599,15,13,2454,30824,1187,11,5152,19814
93,60910014,46,4,24740,3286.16,0.132828,2377.0,1480,9,8,1711,23029,1040,7,5200,16555
94,60910014,54,4,19849,4747.68,0.23919,4330.22,378,13,11,2025,17824,1114,9,2007,8713
95,60910014,58,4,29744,4520.46,0.151979,2578.28,1292,11,10,10904,18840,1337,9,3590,11010
96,60910014,59,2,50064,4493.0,0.0897452,3947.48,4438,12,9,4122,45942,2825,8,18231,33744
99,60910014,67,4,12766,2959.89,0.231857,2490.36,254,15,5,2109,10657,865,7,1191,4986
100,60910014,68,4,19385,3887.64,0.200549,3390.29,404,11,8,3200,16185,1089,9,1735,8453
101,60910014,76,2,61051,4478.23,0.0733522,3781.34,6075,15,10,12907,48144,2601,8,11846,26931
102,60910014,89,2,65670,8867.1,0.135025,8519.82,5040,26,22,23678,41992,2226,13,10221,29127
103,60910014,92,4,23401,4281.52,0.182963,3584.03,1120,14,6,3850,19551,1551,9,3951,11373
104,60910014,99,4,26738,3843.55,0.143748,3339.04,2119,15,10,13385,13353,1065,8,1047,5869
105,60910014,127,2,89158,10740.4,0.120464,10425.6,1400,33,20,29758,59400,2203,14,7726,41372
106,60910014,129,4,24583,5317.49,0.216307,3134.22,1514,17,11,5742,18841,1514,10,1870,9516
107,60910014,138,4,25267,3658.92,0.14481,3239.88,1590,8,8,2586,22681,1857,9,4512,14121
108,60910014,139,2,51538,6989.96,0.135627,6570.04,3110,13,12,9610,41928,1961,12,8111,29485
110,60910014,143,4,12762,2688.38,0.210655,1124.28,264,11,11,2865,9897,746,7,1148,4963
111,60910014,147,2,83833,9162.0,0.109289,7858.22,4767,29,21,13849,69984,2681,15,25711,52768
113,60910014,161,2,80080,10405.8,0.129943,8788.67,4183,28,24,10520,69560,2633,15,11317,52114
114,60910014,162,4,18513,2823.49,0.152514,2092.06,330,4,6,4712,13801,985,7,3639,8492
115,60910014,176,2,73803,7162.89,0.0970542,6361.38,5485,21,17,3156,70647,2337,11,13071,52941
116,60910014,181,4,42784,6234.33,0.145716,5739.2,1231,15,13,3160,39624,1177,11,11671,30063
117,60910014,184,2,22985,4293.87,0.186812,3819.74,641,9,9,2393,20592,1034,9,5079,13728
118,60910014,186,4,27594,4931.94,0.178732,4639.51,1294,17,11,7162,20432,897,9,6217,12441
120,60910020,22,4,14354,3682.13,0.256523,3080.13,566,10,7,2474,11880,921,7,863,4523
121,60910020,32,4,17912,3626.12,0.202441,2631.16,696,13,9,2728,15184,1024,8,2119,7113
122,60910020,45,4,29728,4928.63,0.165791,3930.04,685,24,7,3360,26368,993,9,5838,14821
123,60910020,46,4,33815,4024.18,0.119006,3373.3,943,12,5,8584,25231,1217,7,8248,14552
124,60910020,54,4,19617,4785.33,0.243938,4226.41,946,13,12,4169,15448,1311,9,1141,6852
126,60910020,59,4,43456,4467.99,0.102816,3904.12,6857,16,5,1080,42376,2288,8,20703,33743
127,60910020,60,4,32064,4522.81,0.141056,3727.18,4504,13,14,1072,30992,5130,9,9222,18377
128,60910020,61,4,18544,4433.95,0.239105,3365.72,790,10,11,736,17808,1043,9,1597,6900
130,60910020,68,4,23424,3789.51,0.161779,3396.47,1391,11,10,2536,20888,1449,9,1248,7011
132,60910020,89,4,84703,10406.6,0.12286,7929.41,2400,31,17,3143,81560,2009,10,22358,38029
134,60910020,99,4,37287,5034.48,0.13502,4182.68,1945,20,10,1408,35879,1945,10,7087,21460
136,60910020,129,4,29673,3825.91,0.128936,3476.03,2949,12,7,1040,28633,1017,9,9414,17546
137,60910020,138,4,32992,4312.34,0.130709,3508.62,5126,12,9,1856,31136,1571,9,6023,18146
138,60910020,139,4,40169,5926.25,0.147533,5631.16,10478,15,9,1096,39073,2569,12,12415,27672
140,60910020,143,4,17776,3045.8,0.171343,1964.82,390,11,8,1239,16537,1153,7,7295,10522
141,60910020,147,4,67976,7187.21,0.105732,6828.35,9373,19,19,10424,57552,1480,13,13224,40157
142,60910020,160,4,85857,7293.81,0.084953,6953.21,8382,15,7,1459,84398,2041,12,17327,63672
143,60910020,161,4,37056,6326.3,0.170723,5856.15,2062,20,13,728,36328,1201,13,11184,22402
144,60910020,162,4,20393,2871.8,0.140823,2340.4,3015,13,8,968,19425,777,7,10264,13323
146,60910020,181,4,55480,5863.47,0.105686,5089.8,14600,18,13,1192,54288,6560,10,8288,23692
148,60910020,186,4,29360,5853.33,0.199364,5544.87,2230,15,8,1752,27608,1601,9,6399,18369
149,60910020,191,4,22136,3686.43,0.166535,3247.76,798,10,11,5416,16720,1097,8,2031,7902
150,60910022,22,4,14626,3850.34,0.263253,2732.68,785,11,9,4291,10335,817,7,1855,6020
151,60910022,32,4,26465,4079.6,0.154151,3079.85,809,19,21,3872,22593,1508,11,1943,9119
152,60910022,45,2,27124,4621.88,0.170398,2869.91,1248,17,17,5828,21296,642,9,3839,12023
155,60910022,58,2,44988,7080.46,0.157386,4881.94,3304,28,13,3091,41897,1681,10,14455,31183
156,60910022,59,2,23381,5373.11,0.229807,4605.45,753,18,12,6118,17263,1225,9,3360,10878
157,60910022,60,2,77974,6891.1,0.0883769,5688.05,2256,25,24,3918,74056,2426,14,28960,61285
158,60910022,61,4,27916,7335.61,0.262774,6887.18,2232,26,22,8891,19025,650,8,5823,14400
161,60910022,76,2,75093,11217.1,0.149376,10212.7,2472,43,29,8076,67017,1978,13,12600,49422
162,60910022,89,2,52855,7314.12,0.138381,3698.54,6971,26,16,15509,37346,882,10,10231,21342
164,60910022,99,2,54266,7661.13,0.141177,5675.95,4347,33,24,4562,49704,1655,19,6783,32890
165,60910022,127,2,71154,8461.99,0.118925,6826.89,4056,23,19,13443,57711,1064,13,9392,38075
166,60910022,129,2,43315,6775.67,0.156428,3092.92,1728,25,19,4387,38928,2137,11,12503,29568
168,60910022,139,2,42029,7703.69,0.183295,4191.33,1328,22,20,8148,33881,2290,14,7597,22060
169,60910022,141,2,29917,5589.17,0.186823,4521.04,4357,21,15,4122,25795,873,9,10647,20044
170,60910022,143,4,18472,3497.27,0.189328,1142.39,1328,13,9,3336,15136,1138,8,4080,10107
171,60910022,147,2,81857,13866.7,0.169402,13025.3,6008,31,30,11680,70177,4053,20,11558,50484
172,60910022,160,2,77944,10835.5,0.139016,9188.59,3578,26,21,2434,75510,2313,15,17272,59757
173,60910022,161,2,138968,12492.9,0.0898977,10827.5,6288,49,29,9033,129935,3322,20,31206,107221
174,60910022,162,4,18230,3645.31,0.199962,2940.91,424,13,10,3813,14417,945,8,3680,8770
175,60910022,176,2,53118,6909.03,0.13007,5946.71,3368,27,20,3404,49714,3346,13,15006,29194
176,60910022,181,2,32436,5794.59,0.178647,780.334,2244,21,17,3660,28776,818,9,5805,18146
177,60910022,184,2,33178,5292.49,0.159518,4063.62,2611,20,19,3331,29847,1050,9,4494,19468
178,60910022,186,2,34539,8172.95,0.23663,2817.56,2742,26,21,5835,28704,1255,13,6295,20776
180,60910037,22,4,19481,3357.07,0.172325,2849.94,2312,12,6,3338,16143,1130,7,1551,6600
182,60910037,45,2,55881,3997.34,0.0715331,2437.35,11384,15,9,2960,52921,1368,11,18838,42121
183,60910037,46,4,15725,3196.85,0.203297,2654.12,433,6,8,3317,12408,977,7,1544,6447
184,60910037,54,2,29626,4461.16,0.150582,3531.73,1842,10,7,9304,20322,746,9,3319,11723
185,60910037,58,2,102465,6373.2,0.0621988,5480.45,17583,19,11,7216,95249,1962,10,35582,76470
186,60910037,59,2,108729,6653.77,0.061196,5386.27,46005,23,16,12196,96533,1352,10,51407,88047
187,60910037,60,2,42185,5634.74,0.133572,5210.59,9856,8,12,17761,24424,1385,11,2783,15812
188,60910037,61,2,90865,8834.32,0.0972247,8424.69,4016,31,26,18272,72593,1074,14,32088,60844
189,60910037,67,2,43071,5971.49,0.138643,4810.46,3220,15,14,9952,33119,2129,11,6278,16459
190,60910037,68,2,64371,6476.97,0.100619,5904.6,16592,17,9,5310,59061,1136,12,18438,47510
191,60910037,76,2,47436,7203.89,0.151866,5096.2,2318,15,12,7732,39704,992,13,6319,29738
192,60910037,89,2,143863,13429.2,0.0933474,12836.4,9216,39,40,1441,142422,1705,18,37911,124555
194,60910037,99,2,63677,5994.45,0.0941384,4908.88,6330,16,17,7600,56077,1072,11,19252,47098
195,60910037,127,2,157332,7757.05,0.0493037,5412.2,37934,24,23,3041,154291,1184,14,55655,140903
196,60910037,129,2,52208,5336.51,0.102216,4036.6,6093,13,10,9696,42512,1233,10,10703,31163
197,60910037,138,2,41228,3824.34,0.0927607,3429.97,21270,12,13,5396,35832,873,9,22327,29754
198,60910037,139,2,166228,17237.2,0.103696,16994.7,13753,50,59,7775,158453,4059,24,18999,132739
199,60910037,141,2,62432,6599.88,0.105713,6162.43,20200,18,10,22376,40056,1499,11,16304,28825
200,60910037,143,2,16128,3027.84,0.187738,2565.65,582,5,2,4376,11752,1042,7,1392,5196
201,60910037,147,2,167808,6285.34,0.0374555,5549.83,44033,19,17,34785,133023,1401,13,75111,120864
202,60910037,160,2,130912,9494.22,0.0725237,9234.75,7922,23,16,5827,125085,1665,13,41303,111525
203,60910037,161,2,90186,8669.88,0.0961333,7469.23,7135,24,18,8079,82107,1800,16,16897,69256
204,60910037,162,2,103001,5274.94,0.0512125,4692.55,23041,19,18,13690,89311,1137,11,55223,80657
205,60910037,176,2,76344,6176.92,0.080909,5661.51,6832,22,17,2248,74096,1588,11,14207,56361
206,60910037,181,2,61764,7140.65,0.115612,6667.18,5031,23,19,3652,58112,1200,11,13320,43931
207,60910037,184,2,62658,5437.92,0.0867873,3965.03,10238,13,9,3803,58855,1329,10,20749,45519
208,60910037,186,2,55856,6938.15,0.124215,6624.61,8688,9,15,16888,38968,976,12,8648,30506
210,60910044,22,4,12361,3251.29,0.263028,2194.29,288,13,7,3609,8752,729,7,935,3826
211,60910044,32,4,28444,3430.64,0.12061,2855.66,1406,13,10,9644,18800,1033,7,6720,11645
221,60910044,76,2,36318,4230.25,0.116478,3760.85,4153,12,7,7174,29144,3368,8,11528,17011
222,60910044,89,2,158689,12194.0,0.0768424,10900.0,10983,37,27,7537,151152,8946,16,29391,118482
224,60910044,99,2,61414,6804.45,0.110796,5729.7,3194,17,14,8191,53223,3985,9,6295,31067
225,60910044,127,2,109370,9669.59,0.0884118,9369.17,5199,26,24,10900,98470,3193,13,24407,79726
227,60910044,138,2,59896,6529.17,0.109008,4413.3,8101,13,14,3136,56760,7264,10,11679,38854
228,60910044,139,2,84707,9365.01,0.110558,8886.22,4052,24,17,4146,80561,23807,14,10056,35169
229,60910044,141,2,67546,6071.78,0.089891,4163.68,9648,18,15,4897,62649,4688,9,29287,49107
230,60910044,143,4,19271,2758.41,0.143138,2262.86,616,9,10,2375,16896,984,7,5704,10412
231,60910044,147,2,136368,11418.6,0.0837336,11049.5,8791,27,22,21297,115071,1952,14,32351,99670
232,60910044,160,2,149633,12646.2,0.0845146,12225.9,6746,40,21,7402,142231,13394,17,29797,100216
233,60910044,161,2,114772,14454.9,0.125944,14085.3,6936,39,38,9356,105416,2616,14,20607,87951
236,60910044,181,2,59872,4366.58,0.0729319,4001.08,5984,9,11,6625,53247,1649,9,19798,43655
237,60910044,184,2,86410,6524.84,0.0755102,3598.04,9736,27,22,2938,83472,4297,10,17830,67852
239,60910044,191,2,80371,7514.66,0.0934997,6665.46,12809,29,15,7761,72610,2224,11,21222,50450
240,60910046,22,4,13007,3722.53,0.286194,2465.2,380,10,6,2592,10415,769,7,999,4510
241,60910046,32,4,34366,5330.15,0.1551,4827.62,2527,26,26,4382,29984,2096,13,4384,18640
242,60910046,45,2,45266,5482.55,0.121119,5047.91,3384,20,15,5842,39424,1801,9,9671,31147
243,60910046,46,4,20086,4135.02,0.205866,3076.36,1146,11,8,3262,16824,817,7,4591,11383
244,60910046,54,4,25081,7426.13,0.296086,6025.7,418,20,14,8747,16334,782,9,1831,9468
245,60910046,58,2,51888,7102.98,0.136891,6416.07,1465,27,23,4832,47056,1891,12,14352,30398
246,60910046,59,4,17889,4196.36,0.234578,3768.07,1224,16,13,5210,12679,528,7,4207,8799
249,60910046,67,4,28184,5918.11,0.209981,5529.48,857,21,23,12288,15896,1145,7,2544,8990
253,60910046,92,4,34192,6035.87,0.176529,5598.07,2159,26,25,7249,26943,858,11,6512,20969
255,60910046,127,2,41454,6612.95,0.159525,5774.28,1232,18,15,13081,28373,3162,12,2767,15703
256,60910046,129,2,34801,7173.17,0.20612,6422.06,1440,17,22,6689,28112,1594,9,4878,17585
257,60910046,138,2,44516,5324.85,0.119617,3834.34,7992,19,25,2316,42200,1930,11,13055,31946
258,60910046,139,2,45825,7701.48,0.168063,7000.18,1894,29,14,4003,41822,865,14,7183,28654
259,60910046,141,2,48788,7175.75,0.14708,6230.03,1664,16,31,5187,43601,1049,10,11703,33714
261,60910046,147,2,83831,12566.0,0.149897,11599.1,2726,33,28,15888,67943,4154,12,13624,50179
262,60910046,160,2,46886,8519.45,0.181706,6231.84,1680,27,30,6912,39974,1858,13,4703,24950
263,60910046,161,2,71304,12239.4,0.17165,9967.43,4854,39,30,7408,63896,5522,14,16886,45229
267,60910046,184,2,42104,5763.61,0.13689,3777.58,2232,22,18,3537,38567,2107,9,7438,22091
269,60910046,191,4,18212,4142.47,0.227459,3608.12,440,13,16,5716,12496,881,8,1520,6130
270,60910090,22,4,13142,3208.43,0.244136,2395.52,437,8,9,2397,10745,729,7,1543,5368
271,60910090,32,4,16156,3476.06,0.215156,2797.37,632,11,15,3123,13033,891,8,2335,6912
273,60910090,46,4,26585,3029.31,0.113948,2097.03,4984,9,7,2000,24585,849,7,15014,19196
274,60910090,54,4,22690,4888.4,0.215443,4496.92,2996,17,12,7356,15334,1000,9,1622,8214
275,60910090,58,4,72985,7265.18,0.0995435,4812.28,5256,26,21,15512,57473,1523,11,23040,45171
276,60910090,59,2,49689,3773.1,0.0759342,1668.91,7008,10,8,5330,44359,785,7,26111,38689
277,60910090,60,4,51309,3929.04,0.0765759,3526.5,12277,11,13,9749,41560,882,9,9216,23368
278,60910090,61,4,46525,5533.86,0.118944,5003.71,2517,15,10,19885,26640,1025,10,6127,19162
279,60910090,67,4,26862,6181.36,0.230116,5134.86,2271,21,16,8109,18753,874,8,6031,11258
280,60910090,68,4,44152,4582.43,0.103788,3834.5,6411,13,10,3040,41112,3323,9,11453,23072
281,60910090,76,2,180542,5323.89,0.0294884,3513.32,8984,14,7,40559,139983,826,9,105578,129384
282,60910090,89,4,83200,6551.11,0.0787393,4000.04,13375,23,15,21792,61408,3632,11,12496,40712
284,60910090,99,4,54097,3800.16,0.0702471,2791.01,4264,15,10,9096,45001,688,9,18104,40081
285,60910090,127,4,129130,9702.13,0.0751346,9122.47,16528,23,12,19068,110062,1417,12,32655,81567
287,60910090,138,2,119810,6427.59,0.0536482,5915.75,16476,18,18,13547,106263,1633,12,28777,96284
288,60910090,139,2,79927,6660.47,0.0833319,5116.01,3979,19,20,12200,67727,3223,13,38009,56946
289,60910090,141,2,162907,6267.78,0.0384746,5516.74,45962,20,18,16036,146871,13906,10,49047,122914
291,60910090,147,2,225598,9295.34,0.0412031,6604.83,49679,23,29,40048,185550,10425,14,109106,163359
293,60910090,161,2,127729,9405.29,0.0736347,7637.12,4604,26,16,11805,115924,1201,13,42145,105107
294,60910090,162,4,29854,4721.35,0.158148,4121.24,5260,16,8,8166,21688,1249,8,3967,14668
296,60910090,181,4,45843,5557.54,0.12123,4804.92,12758,20,8,11458,34385,1241,10,2736,11449
298,60910090,186,4,96888,5107.54,0.0527159,4717.37,21662,13,10,28680,68208,1008,10,25543,61448
299,60910090,191,4,36750,6082.81,0.165519,5672.34,1696,19,14,10269,26481,3569,10,5120,16527
300,60910103,22,4,15385,3687.71,0.239695,2159.91,337,15,6,2474,12911,1049,7,1271,5433
301,60910103,32,4,20273,3760.21,0.185478,2627.97,401,9,6,3832,16441,826,8,1839,6393
303,60910103,46,4,25744,3920.27,0.152279,2789.1,1102,15,9,8192,17552,1146,7,3776,9419
305,60910103,58,2,146677,18747.9,0.127817,16761.1,8950,53,37,13782,132895,1913,15,49107,112301
306,60910103,59,4,30544,4192.83,0.137272,2575.55,2296,18,10,5386,25158,983,7,4320,8254
307,60910103,60,2,53458,5426.5,0.10151,2351.42,3464,22,12,5059,48399,1089,8,12871,24993
309,60910103,67,4,28201,4286.12,0.151985,2923.31,2127,17,13,12009,16192,841,7,1351,6114
311,60910103,76,2,80112,6664.73,0.0831926,5926.91,3336,16,16,21280,58832,1152,9,25583,34644
313,60910103,92,4,41728,4730.52,0.113366,2097.83,7911,15,8,6386,35342,1168,9,13728,21513
314,60910103,99,4,40814,8579.06,0.210199,6292.57,1521,26,17,14870,25944,1112,11,3135,13452
315,60910103,127,4,78229,10757.4,0.137511,10376.4,3807,29,22,20859,57370,1840,14,18430,43702
316,60910103,129,4,22996,5279.0,0.229561,4126.38,776,12,11,5922,17074,1161,9,2406,6515
317,60910103,138,2,61968,6032.89,0.0973549,4666.37,7581,26,27,12512,49456,2440,10,8583,23187
320,60910103,143,4,17288,3290.28,0.190321,2170.68,1008,6,5,4584,12704,960,7,1607,4969
324,60910103,162,4,27833,3396.08,0.122016,2173.94,719,13,15,13977,13856,850,7,1999,5239
329,60910103,191,4,18720,4299.82,0.229691,3175.68,250,13,10,3376,15344,868,8,1360,6572
330,60911041,22,4,17674,4418.94,0.250025,3527.62,694,13,8,4338,13336,1401,7,1046,5105
331,60911041,32,4,15912,3750.26,0.235687,2711.82,691,12,8,2232,13680,916,8,1494,6942
332,60911041,45,2,61683,5158.87,0.0836353,3544.2,30471,16,12,4179,57504,2105,9,2728,13196
333,60911041,46,4,16989,3362.79,0.197939,1605.1,993,10,10,3533,13456,1336,7,2064,6729
335,60911041,58,2,35004,6155.91,0.175863,5236.36,2103,21,17,3700,31304,3578,10,8391,19500
336,60911041,59,2,38253,4947.94,0.129348,4260.36,1804,18,16,4086,34167,1218,7,11447,26667
337,60911041,60,2,39102,5706.89,0.145949,4730.58,3725,17,13,2878,36224,4634,10,5832,18586
341,60911041,76,2,102047,13285.9,0.130194,12667.5,5769,36,34,6048,95999,8377,18,27055,67333
342,60911041,89,2,159621,15579.8,0.0976052,10826.0,14932,50,40,4398,155223,2361,20,12886,53888
343,60911041,92,4,71704,6779.61,0.09455,6304.65,4097,22,15,5488,66216,3209,9,40118,51103
344,60911041,99,4,18034,5077.09,0.281529,2639.53,432,13,15,4570,13464,823,8,2368,7557
345,60911041,127,2,110965,12000.4,0.108146,9983.4,19704,27,28,47760,63205,5807,13,10744,39440
346,60911041,129,2,74286,6588.28,0.0886881,4011.13,15555,21,16,7150,67136,1570,12,36910,54992
347,60911041,138,2,44440,8232.92,0.185259,6417.47,2929,22,25,4567,39873,4698,13,3001,21651
348,60911041,139,4,29504,5808.55,0.196873,5122.2,1105,15,18,4959,24545,1074,12,3007,13889
349,60911041,141,2,54607,7539.91,0.138076,6283.57,2376,18,19,4113,50494,4169,11,8112,26024
351,60911041,147,2,177117,20554.2,0.116049,19782.0,45651,48,41,16110,161007,7632,17,89281,136990
352,60911041,160,2,100197,7853.09,0.0783765,5340.6,9144,28,17,4585,95612,11562,12,40351,70224
355,60911041,176,4,32924,4843.92,0.147124,1670.99,3898,15,12,6732,26192,1650,9,7040,16333
357,60911041,184,2,47991,5182.5,0.107989,4320.63,2016,16,15,4824,43167,2529,10,6590,25597
360,60911043,22,4,16272,3038.73,0.186746,2532.69,657,8,7,2032,14240,1538,7,1656,6085
361,60911043,32,4,17080,3139.72,0.183824,2582.33,559,6,9,3353,13727,1208,8,1528,6538
363,60911043,46,4,21912,3093.58,0.141182,2655.9,943,10,5,3416,18496,1241,7,4039,9468
365,60911043,58,2,56320,8487.8,0.150707,7166.84,1429,28,25,6736,49584,1770,11,12743,37020
366,60911043,59,4,17567,3499.73,0.199222,3142.35,507,13,10,3503,14064,762,7,3207,9042
367,60911043,60,2,25554,3957.43,0.154865,3207.69,1810,12,5,3834,21720,1130,8,3430,12008
368,60911043,61,4,42388,5129.02,0.121002,4716.72,5272,20,8,11275,31113,3473,10,6591,20680
369,60911043,67,4,14879,2861.8,0.192338,2225.29,836,14,10,4432,10447,689,7,1439,5531
370,60911043,68,2,46497,3734.31,0.0803129,3104.77,9429,7,7,4721,41776,1705,9,4471,18208
371,60911043,76,2,113869,8728.26,0.0766518,6998.0,16136,29,16,35805,78064,1688,15,28893,55815
375,60911043,127,4,81985,6342.54,0.0773622,3262.42,4389,19,12,15873,66112,5200,13,12751,42637
376,60911043,129,4,30170,4298.61,0.14248,3905.52,2904,21,15,7889,22281,1562,13,2592,13574
379,60911043,141,2,58664,5259.52,0.0896549,4706.68,4848,15,14,23385,35279,988,10,7175,22512
380,60911043,143,4,15720,3105.24,0.197534,2595.48,1349,10,6,3344,12376,1760,7,1327,6020
381,60911043,147,2,339101,24636.3,0.0726518,23337.4,44713,51,53,23649,315452,3264,39,75230,255452
382,60911043,160,2,176179,11802.1,0.066989,7776.57,18736,30,26,4333,171846,2560,15,44654,123338
383,60911043,161,2,163729,8926.1,0.0545175,8125.79,25572,27,11,16290,147439,10890,15,32838,108102
387,60911043,184,2,96993,5766.96,0.0594575,3169.37,9103,16,14,4124,92869,4812,12,13838,52583
388,60911043,186,2,93255,7114.02,0.0762857,6661.72,16772,19,14,8112,85143,1577,10,19647,58393
389,60911043,191,4,24424,3309.57,0.135505,2575.27,1420,8,7,3624,20800,1074,8,2216,10255
390,60911060,22,4,18703,3444.3,0.184158,1956.45,841,10,3,4369,14334,1505,7,1304,6285
394,60911060,54,2,69246,10328.1,0.14915,9791.42,5160,28,20,8548,60698,2042,12,13015,46219
396,60911060,59,2,36313,4401.52,0.12121,3371.94,4144,12,8,4523,31790,1609,7,4952,18660
397,60911060,60,2,49280,5230.31,0.106134,3100.75,1770,18,13,2904,46376,3561,12,6112,24527
398,60911060,61,2,69822,9210.66,0.131916,8561.98,1429,22,14,3782,66040,6227,10,27980,45909
399,60911060,67,4,32321,5723.59,0.177086,4447.46,1360,24,19,7057,25264,1179,10,3687,11316
400,60911060,68,4,31558,5526.35,0.175117,4889.17,976,15,14,3262,28296,1906,10,6649,15456
401,60911060,76,2,65204,7510.24,0.115181,6539.11,3359,18,16,4012,61192,2185,9,15223,37939
404,60911060,99,2,95731,8443.99,0.0882053,7213.47,20598,38,17,5667,90064,2249,14,31288,66098
407,60911060,138,2,42369,6142.06,0.144966,4390.73,2707,18,15,3960,38409,1794,9,11782,22479
408,60911060,139,2,64470,9158.76,0.142062,8556.15,1710,29,19,6894,57576,6881,14,7374,33236
409,60911060,141,2,49109,6372.91,0.129771,4511.98,2048,21,12,5917,43192,1657,9,5455,18593
411,60911060,147,2,154671,15395.5,0.0995369,14930.1,5671,30,29,42088,112583,2007,17,19360,88499
412,60911060,160,2,107144,9045.44,0.0844232,8658.91,1296,32,20,34994,72150,2530,12,28814,52865
413,60911060,161,2,104113,13977.1,0.134249,12848.0,5809,45,31,22577,81536,3712,15,19855,53860
415,60911060,176,2,75616,8274.05,0.109422,7509.66,4360,23,17,3568,72048,3288,11,22830,53090
416,60911060,181,2,107743,5983.68,0.0555366,4673.87,8500,18,8,4064,103679,2634,9,14439,21918
418,60911060,186,2,83000,8535.22,0.102834,7557.42,27025,24,26,6091,76909,2763,10,37189,57861
419,60911060,191,2,68957,11080.9,0.160692,10152.8,2778,25,19,5431,63526,5230,16,11071,32796
420,60911065,22,4,21505,4054.63,0.188544,3471.42,2877,12,10,2824,18681,1154,10,1867,7651
421,60911065,32,4,25233,3398.38,0.13468,1475.72,694,9,10,5744,19489,2400,8,1847,7694
423,60911065,46,4,34437,4921.64,0.142917,3509.17,2478,19,13,3541,30896,1504,9,6455,16695
424,60911065,54,4,39122,6213.16,0.158815,5023.91,3503,18,15,7785,31337,2377,9,3607,11791
425,60911065,58,4,16981,4381.17,0.258004,1719.9,1045,15,6,3643,13338,1159,9,1999,6611
426,60911065,59,4,20667,3513.11,0.169987,2315.43,959,14,8,5052,15615,1329,7,2648,8494
427,60911065,60,4,36194,4086.51,0.112906,3623.71,2590,12,11,5233,30961,6626,9,4432,11082
428,60911065,61,4,53544,7009.61,0.130913,3488.68,4737,25,13,1680,51864,1319,10,10185,37743
429,60911065,67,4,45734,5861.37,0.128162,5198.21,1129,25,5,14941,30793,2491,9,7914,15973
431,60911065,76,2,105759,7352.05,0.0695171,6765.66,20516,25,15,4304,101455,1865,9,33703,62970
432,60911065,89,4,56330,7449.2,0.132242,5396.22,3808,31,18,19627,36703,2282,13,11814,22640
435,60911065,127,4,84036,10769.0,0.128147,10074.0,6738,39,26,11742,72294,2312,14,17409,43936
437,60911065,138,4,14292,4034.0,0.282256,3032.44,315,15,12,2099,12193,548,9,2637,7109
439,60911065,141,2,83171,9203.31,0.110655,7509.5,9597,46,24,14123,69048,2304,10,23088,47234
440,60911065,143,4,20833,3316.03,0.159172,494.866,1792,15,9,3441,17392,2410,8,3277,8979
441,60911065,147,2,208941,13494.5,0.0645853,11513.8,13056,41,35,24582,184359,3017,25,32567,156759
442,60911065,160,2,103671,12159.1,0.117286,11766.5,14892,34,19,5464,98207,2616,12,28943,68930
443,60911065,161,2,119388,16514.5,0.138327,15623.8,8266,44,40,23874,95514,1408,14,31882,74746
444,60911065,162,4,18784,2561.24,0.136352,1978.26,941,12,10,4207,14577,929,10,1640,8196
445,60911065,176,4,30719,4110.13,0.133798,3681.35,2725,15,13,3959,26760,1827,9,8702,17561
447,60911065,184,2,136743,9744.9,0.0712643,8735.17,7951,36,23,7313,129430,1865,15,40318,84660
449,60911065,191,2,118419,11496.2,0.0970806,10669.4,13472,36,30,10159,108260,3810,19,34556,81905
450,60911069,22,4,12777,4239.8,0.33183,1939.62,379,14,12,1944,10833,817,7,944,4384
452,60911069,45,2,63463,7854.42,0.123764,6918.69,2900,28,27,7464,55999,1890,9,18126,42305
454,60911069,54,2,76034,8595.29,0.113045,7164.55,1201,37,31,16196,59838,6129,11,4911,21051
455,60911069,58,2,65584,5932.02,0.0904492,5547.54,10423,16,15,8536,57048,3263,11,12384,33357
456,60911069,59,2,80730,6095.71,0.0755074,5485.27,11518,31,11,7586,73144,10329,11,19799,40695
457,60911069,60,2,30265,4592.82,0.151754,4068.06,3104,18,16,2609,27656,1744,8,13583,20275
458,60911069,61,4,120819,10228.6,0.0846606,9575.09,8495,38,35,11043,109776,4384,17,16927,80601
461,60911069,76,2,124104,9042.47,0.072862,7956.17,6392,26,28,7304,116800,11728,14,17827,67710
463,60911069,92,2,75409,5800.61,0.076922,4994.72,20031,25,19,8113,67296,7832,10,10536,25063
464,60911069,99,2,69784,4610.39,0.0660665,4125.06,8945,8,15,4488,65296,3504,9,13686,32986
465,60911069,127,2,197335,16324.7,0.0827257,15798.2,12190,42,35,20354,176981,16040,16,41045,139944
466,60911069,129,2,29285,4681.32,0.159854,4333.35,2164,16,13,6237,23048,1057,9,5087,15008
467,60911069,138,2,94314,8521.11,0.0903483,7874.31,9969,28,24,4101,90213,1803,12,37206,69598
468,60911069,139,2,63088,7786.32,0.12342,5993.55,12648,25,19,5327,57761,6395,12,3951,18002
469,60911069,141,2,196666,12775.6,0.0649611,11896.3,6024,45,31,7644,189022,7994,24,29591,148526
470,60911069,143,4,15552,2844.38,0.182895,2033.32,576,10,10,5487,10065,769,7,741,3696
471,60911069,147,2,138400,16988.8,0.122752,16651.8,8288,57,74,14320,124080,4560,30,10168,80405
472,60911069,160,2,78280,8518.04,0.108815,7533.45,7524,30,31,6048,72232,1630,15,17037,53852
473,60911069,161,2,84512,9210.67,0.108987,8537.07,9220,32,16,10345,74167,2505,11,27518,59394
474,60911069,162,2,27569,3512.84,0.12742,2972.61,3327,14,11,2296,25273,1321,7,7319,18011
475,60911069,176,2,39480,6095.18,0.154386,5243.28,1275,16,20,2759,36721,3050,11,8595,22572
476,60911069,181,2,42627,5138.76,0.120552,4555.83,15518,23,18,5379,37248,1586,11,4720,13049
477,60911069,184,2,86447,8161.77,0.0944136,6817.43,8631,31,26,5553,80894,6487,13,9512,37530
478,60911069,186,2,42838,6846.65,0.159827,6414.83,944,20,14,10134,32704,3024,11,4704,13538
480,60911072,22,4,16638,3633.86,0.218407,1926.29,704,10,15,4145,12493,1115,8,1255,5370
481,60911072,32,4,26086,4255.41,0.16313,3681.06,1071,15,18,6072,20014,1662,10,2550,9883
483,60911072,46,4,23140,3766.83,0.162784,1476.96,1120,7,8,4771,18369,1280,7,7088,11199
484,60911072,54,4,30176,6802.69,0.225434,5857.09,664,25,11,13563,16613,1369,9,1719,8512
487,60911072,60,2,75183,6073.64,0.0807847,3930.74,28470,35,22,4328,70855,1226,12,10023,23954
488,60911072,61,4,21961,4890.16,0.222675,4449.13,2371,17,11,5784,16177,985,12,2454,8882
489,60911072,67,4,22249,4598.83,0.206698,4239.39,681,16,8,4817,17432,1082,8,3863,9910
490,60911072,68,4,21031,4268.18,0.202947,3485.14,337,17,9,3143,17888,1025,9,3604,9861
491,60911072,76,2,77060,14141.9,0.183518,8669.5,2551,50,41,3796,73264,3956,23,12040,52766
492,60911072,89,4,24952,4474.9,0.17934,4101.84,2874,22,9,6897,18055,1068,10,1886,9648
494,60911072,99,2,30672,5532.53,0.180377,2291.76,1892,16,9,6528,24144,2424,7,5743,13677
495,60911072,127,2,33033,5257.27,0.159152,4220.04,704,18,12,12064,20969,1154,11,1630,10013
496,60911072,129,2,45809,7252.76,0.158326,5283.83,3301,20,14,17944,27865,1041,10,7727,13050
497,60911072,138,2,33681,5680.76,0.168664,4572.83,2235,23,17,3184,30497,858,9,7167,24389
498,60911072,139,2,70467,10790.8,0.153133,10346.2,11408,33,30,9859,60608,1010,13,29303,47937
499,60911072,141,2,70216,11674.7,0.166268,10626.0,2563,28,23,6752,63464,3138,11,21223,48941
500,60911072,143,4,13640,3183.92,0.233425,1464.66,628,5,8,2407,11233,811,7,1093,5352
501,60911072,147,2,147528,19391.9,0.131445,16485.8,11049,45,43,13953,133575,1704,30,12414,105329
502,60911072,160,2,54929,10053.1,0.183021,2114.22,9176,33,23,2896,52033,1322,12,16383,40824
503,60911072,161,2,117157,14939.5,0.127517,12400.8,9484,61,37,13604,103553,1713,22,18510,85163
504,60911072,162,2,38319,5778.6,0.150802,4866.93,2543,20,15,4391,33928,3105,9,6504,20838
505,60911072,176,2,54080,8542.17,0.157954,7695.22,5794,21,14,4224,49856,2194,11,7966,35562
507,60911072,184,2,70181,7982.63,0.113744,7545.27,2851,32,26,5863,64318,3809,12,15350,47879
509,60911072,191,4,43455,7538.24,0.173472,6070.1,1392,33,25,14719,28736,1113,8,12022,22142
510,90910001,22,4,12648,3631.6,0.287129,2566.38,497,10,9,1721,10927,911,7,895,4745
511,90910001,32,4,24247,6008.45,0.247802,4913.42,910,22,7,2775,21472,1016,8,8783,13474
514,90910001,54,4,43296,8023.56,0.185319,7468.64,6769,29,22,19931,23365,1448,12,3311,11594
515,90910001,58,2,56560,11794.0,0.208521,9908.09,4202,30,21,3372,53188,2904,13,13280,35191
517,90910001,60,4,37090,7183.03,0.193665,6215.46,2666,21,16,2361,34729,1552,14,7431,22604
518,90910001,61,2,66304,13000.7,0.196077,11861.4,1793,36,34,10735,55569,3705,19,11367,35150
519,90910001,67,4,11735,2932.85,0.249923,2440.3,319,14,6,2822,8913,697,7,1016,4022
521,90910001,76,2,94912,13970.8,0.147197,13470.1,5160,40,29,19128,75784,3657,17,12457,57158
522,90910001,89,4,26345,6516.38,0.247348,5789.54,1712,23,21,11120,15225,1489,10,1255,6993
528,90910001,139,2,85954,15073.8,0.17537,11554.9,8752,43,27,4945,81009,2528,17,25662,66155
529,90910001,141,2,79002,9918.19,0.125543,9425.15,10112,33,17,9623,69379,2024,11,22479,58332
531,90910001,147,2,99009,15991.4,0.161515,15149.1,5838,40,37,27120,71889,4338,18,10984,46544
532,90910001,160,2,63956,9186.94,0.143645,6506.99,3080,22,20,3932,60024,2017,11,13214,42901
533,90910001,161,2,189415,24979.9,0.131879,21422.4,2733,99,54,12937,176478,3346,29,32813,133250
534,90910001,162,4,16688,3632.65,0.217681,3075.29,2960,15,11,2389,14299,600,7,6408,9749
536,90910001,181,2,43263,7296.68,0.168659,5371.19,2353,20,14,3061,40202,4953,13,4096,16270
538,90910001,186,2,58609,9998.3,0.170593,8311.34,3111,26,19,10705,47904,4040,11,17367,30584
539,90910001,191,4,30977,5238.18,0.169099,3754.08,2593,19,11,3216,27761,4193,8,8904,14137
540,90910004,22,4,14320,3722.5,0.259951,3226.93,653,15,12,1456,12864,664,7,2479,7611
541,90910004,32,4,17979,4200.29,0.233622,2713.41,651,11,13,3731,14248,808,8,3080,8660
543,90910004,46,4,37110,7994.05,0.215415,7124.02,833,27,31,3102,34008,4264,11,6767,21041
545,90910004,58,4,41295,8019.31,0.194196,7306.7,1344,30,31,3783,37512,1394,10,11015,29467
546,90910004,59,4,16025,4412.94,0.275378,3966.61,888,13,15,5938,10087,410,7,3559,6827
547,90910004,60,4,20128,3588.46,0.178282,2740.37,743,18,13,1168,18960,1001,8,5575,14211
550,90910004,68,4,19825,5364.13,0.270574,4596.14,375,20,17,3713,16112,713,9,2199,10000
551,90910004,76,2,70180,11039.9,0.157308,10562.0,4456,34,31,5332,64848,2233,14,15745,52086
553,90910004,92,4,50008,9635.15,0.192672,8403.66,7832,38,38,10345,39663,2537,16,4518,25453
554,90910004,99,4,26181,4892.57,0.186875,4521.48,1385,16,14,4917,21264,514,8,9711,16406
555,90910004,127,2,84236,15774.0,0.187259,14629.6,2040,41,40,20661,63575,3112,18,8207,37896
557,90910004,138,2,40334,6085.85,0.150886,5401.41,11024,21,18,2302,38032,1394,9,15248,29352
558,90910004,139,2,40096,7551.25,0.188329,7181.48,7092,34,30,4272,35824,1114,15,3653,21214
559,90910004,141,2,61049,9376.15,0.153584,8864.5,3405,39,38,8505,52544,1857,19,10358,39548
560,90910004,143,4,15744,3516.21,0.223336,3083.09,376,13,12,1807,13937,657,7,4046,9360
561,90910004,147,4,35986,6047.08,0.16804,5209.6,2408,21,24,11481,24505,1411,11,6391,17057
564,90910004,162,4,15956,4044.26,0.253463,2573.24,1256,14,17,2460,13496,466,7,2504,6897
565,90910004,176,4,27543,5227.61,0.189798,4695.02,1669,19,12,2502,25041,2969,9,3391,15591
567,90910004,184,2,64907,6077.86,0.0936395,4385.68,8504,21,15,3035,61872,2147,9,25991,43057
569,90910004,191,4,20349,5393.04,0.265027,3199.55,473,19,13,4804,15545,713,8,1727,7575
571,90910033,32,4,19852,3714.52,0.187111,3243.58,520,12,9,3766,16086,665,8,4088,10536
572,90910033,45,4,26840,3838.72,0.143022,3509.87,3645,11,8,4311,22529,993,9,3912,12562
573,90910033,46,4,23936,4827.01,0.201663,3516.86,1414,13,5,8127,15809,1129,7,2559,8876
574,90910033,54,4,48390,7461.87,0.154203,7050.7,2750,19,19,13049,35341,2320,12,4343,19955
576,90910033,59,4,28143,4191.42,0.148933,3553.5,1478,12,10,8182,19961,993,9,6992,11965
577,90910033,60,4,26560,5428.11,0.204372,5110.82,3634,21,14,4152,22408,1275,8,3360,12554
578,90910033,61,4,35574,7029.94,0.197615,4192.88,1017,20,25,3429,32145,712,11,6935,25484
579,90910033,67,4,13482,3923.44,0.291013,3432.99,656,14,13,5409,8073,737,7,808,3440
580,90910033,68,4,36388,5739.95,0.157743,5007.02,2053,25,20,4820,31568,2210,12,7319,18461
581,90910033,76,2,74150,6774.99,0.0913687,6138.4,10672,19,21,6623,67527,1258,8,37302,60264
582,90910033,89,4,108611,10974.4,0.101043,9540.99,10376,32,24,7581,101030,11234,13,20870,65745
583,90910033,92,4,47570,5520.84,0.116057,5166.06,5365,18,16,6033,41537,762,9,13224,30361
584,90910033,99,4,65110,5122.41,0.0786732,3905.61,13848,19,12,2669,62441,1538,9,17911,32489
585,90910033,127,4,51726,7400.34,0.143068,7005.28,1766,20,19,9743,41983,2225,11,7119,28977
586,90910033,129,4,35801,4707.28,0.131485,4323.37,3260,12,18,7119,28682,968,11,7759,16653
589,90910033,141,4,51548,5775.74,0.112046,3107.01,6042,16,14,5580,45968,6042,10,5582,21267
590,90910033,143,4,17959,3814.15,0.212381,3158.63,342,12,11,3319,14640,976,8,1552,5264
591,90910033,147,4,63511,8758.94,0.137912,7382.18,3430,27,22,21184,42327,760,10,10912,20967
592,90910033,160,2,74875,8703.23,0.116237,7720.85,9242,24,19,4578,70297,10290,14,9655,40414
595,90910033,176,4,34605,5377.99,0.155411,5042.12,5070,18,12,8085,26520,769,9,9351,17042
596,90910033,181,4,48065,5348.22,0.111271,4858.27,2507,19,11,6549,41516,6178,9,6128,26193
597,90910033,184,4,27535,6078.57,0.220758,3208.83,997,17,20,3087,24448,919,9,4615,14933
598,90910033,186,4,89691,9605.07,0.107091,8261.84,12400,26,15,6763,82928,2250,12,31063,71722
599,90910033,191,4,22669,4025.22,0.177565,3621.7,1742,13,8,3581,19088,1161,8,2552,9468
600,90910034,22,4,14133,3546.91,0.250967,2425.42,573,9,8,1717,12416,1057,7,1159,4697
601,90910034,32,4,17639,4289.3,0.243171,3708.28,537,12,10,3094,14545,1552,8,2071,7235
604,90910034,54,4,34672,6259.17,0.180525,5130.45,1055,17,13,9586,25086,1526,10,2984,11028
605,90910034,58,2,62581,6623.21,0.105834,5566.34,1478,21,18,3725,58856,3329,9,26031,44817
606,90910034,59,2,53553,6337.09,0.118333,4688.33,13047,23,20,7267,46286,2328,12,13552,33281
607,90910034,60,2,46104,5692.89,0.123479,4680.68,10798,17,17,6008,40096,2977,16,2263,14673
608,90910034,61,4,19632,4150.42,0.211411,3747.45,735,13,12,7184,12448,936,9,1560,6158
611,90910034,76,2,46104,5367.18,0.116415,4934.56,2799,15,18,13209,32895,4202,10,6199,17078
613,90910034,92,2,89846,9807.71,0.109161,8232.53,8695,25,22,6225,83621,3639,12,19925,63502
614,90910034,99,2,138045,6207.12,0.0449644,5760.41,4735,20,12,9159,128886,5578,11,80815,113642
618,90910034,139,2,76461,10987.4,0.143699,10652.5,5687,32,24,10541,65920,13320,18,12048,32393
622,90910034,160,2,85145,13409.5,0.15749,11480.3,3002,39,32,8083,77062,2321,21,18576,55598
623,90910034,161,2,111867,23711.3,0.21196,22541.4,3543,54,66,9747,102120,1856,23,20311,80416
624,90910034,162,4,12969,3166.67,0.244172,2561.32,712,12,10,4385,8584,1424,7,889,3256
626,90910034,181,2,73824,12223.7,0.165579,11582.4,3822,33,33,4304,69520,8976,18,11815,40084
627,90910034,184,2,99220,14238.1,0.1435,12130.3,6810,45,34,3389,95831,4327,15,28719,56996
628,90910034,186,2,64850,8828.16,0.136132,6002.78,7503,21,18,8371,56479,4745,9,15736,26107
631,90910038,32,4,18634,3953.2,0.21215,1945.65,726,12,9,814,17820,788,9,2089,8911
633,90910038,46,4,18636,4664.15,0.250277,666.762,1500,11,12,7204,11432,800,7,1292,4913
637,90910038,60,2,94811,10892.8,0.11489,8063.8,8250,35,27,3027,91784,4340,15,20093,67498
638,90910038,61,4,21292,4621.0,0.21703,2227.5,976,19,9,4878,16414,786,10,2192,7791
639,90910038,67,4,17062,2562.39,0.150181,1570.12,3149,13,5,5471,11591,836,8,880,4649
640,90910038,68,4,22313,5146.05,0.23063,1803.06,1119,13,10,3761,18552,841,9,3395,8971
642,90910038,89,4,30419,6038.1,0.198498,3677.78,906,18,16,4729,25690,880,10,2662,10483
644,90910038,99,4,23169,4144.5,0.178881,1581.2,1866,12,5,5188,17981,1102,8,1353,7453
645,90910038,127,2,65884,15046.4,0.228378,13533.5,3192,41,26,9995,55889,1860,15,8931,37543
646,90910038,129,4,37895,9229.77,0.243562,7628.95,1202,23,21,5051,32844,1844,11,2232,13470
650,90910038,143,4,11898,2798.99,0.235249,2267.97,311,9,8,1958,9940,1040,7,1362,4296
651,90910038,147,2,278482,29707.6,0.106677,28223.5,7433,85,70,7889,270593,5676,25,84193,214591
654,90910038,162,4,15299,3485.21,0.227807,2283.25,2584,11,6,2721,12578,534,7,3079,6891
655,90910038,176,4,19291,4254.44,0.22054,3470.8,1046,13,13,814,18477,828,9,5215,11956
656,90910038,181,4,28832,4912.3,0.170377,3598.99,640,18,9,1948,26884,1277,9,7305,13996
